{"options":{"check_for_updates":true,"comment":null,"compatopts_for_requires":true,"compat_wrappedjsobject":false,"compat_metadata":false,"compat_foreach":false,"compat_arrayleft":false,"compat_uW_gmonkey":false,"compat_forvarin":false,"noframes":null,"awareOfChrome":false,"run_at":null,"override":{"use_includes":[],"orig_includes":[],"merge_includes":true,"use_matches":[],"orig_matches":["https://*.youtube.com/*"],"merge_matches":true,"use_excludes":[],"orig_excludes":[],"merge_excludes":true,"use_connects":[],"merge_connects":true,"use_blockers":[],"orig_run_at":"document-idle","orig_noframes":null,"orig_connects":["googlevideo.com"]}},"settings":{"enabled":false,"position":2},"meta":{"name":"Local YouTube Downloader","uuid":"e3f81ad1-d0d4-4595-b692-a317b6376a73","modified":1580289829112,"file_url":"https://greasyfork.org/scripts/369400-local-youtube-downloader/code/Local%20YouTube%20Downloader.user.js"}}