{"options":{"check_for_updates":true,"comment":null,"compatopts_for_requires":true,"compat_wrappedjsobject":false,"compat_metadata":false,"compat_foreach":false,"compat_arrayleft":false,"compat_uW_gmonkey":false,"compat_forvarin":false,"noframes":null,"awareOfChrome":false,"run_at":null,"override":{"use_includes":[],"orig_includes":[],"merge_includes":true,"use_matches":[],"orig_matches":["*://music.163.com/*","*://y.qq.com/*","*://www.kugou.com/*","*://www.kuwo.cn/*","*://www.xiami.com/*","*://music.baidu.com/*","*://www.qingting.fm/*","*://www.lizhi.fm/*","*://music.migu.cn/*","*://www.ximalaya.com/*"],"merge_matches":true,"use_excludes":[],"orig_excludes":[],"merge_excludes":true,"use_connects":[],"merge_connects":true,"use_blockers":[],"orig_run_at":"document-end","orig_noframes":null,"orig_connects":[]}},"settings":{"enabled":true,"position":3},"meta":{"name":"全网音乐一键免费下载 一键搜索 在线试听 2019.10.9更新 增加手机端app 全新服务器单独运行","uuid":"76372edc-0b91-42ae-9baa-74fc4c1216fa","modified":1574751692851,"file_url":"https://greasyfork.org/scripts/37058-%E5%85%A8%E7%BD%91%E9%9F%B3%E4%B9%90%E4%B8%80%E9%94%AE%E5%85%8D%E8%B4%B9%E4%B8%8B%E8%BD%BD-%E4%B8%80%E9%94%AE%E6%90%9C%E7%B4%A2-%E5%9C%A8%E7%BA%BF%E8%AF%95%E5%90%AC-%E9%AB%98%E6%B8%85%E5%93%81%E8%B4%A8%E8%AF%B7%E9%80%89%E6%8B%A9qq%E4%B8%8B%E8%BD%BD%E6%BA%90-2018-11-13%E6%9B%B4%E6%96%B0/code/%E5%85%A8%E7%BD%91%E9%9F%B3%E4%B9%90%E4%B8%80%E9%94%AE%E5%85%8D%E8%B4%B9%E4%B8%8B%E8%BD%BD%20%E4%B8%80%E9%94%AE%E6%90%9C%E7%B4%A2%20%E5%9C%A8%E7%BA%BF%E8%AF%95%E5%90%AC%20%E3%80%90%E9%AB%98%E6%B8%85%E5%93%81%E8%B4%A8%E8%AF%B7%E9%80%89%E6%8B%A9QQ%E4%B8%8B%E8%BD%BD%E6%BA%90%E3%80%9120181113%E6%9B%B4%E6%96%B0.user.js"}}