{"options":{"check_for_updates":true,"comment":null,"compatopts_for_requires":true,"compat_wrappedjsobject":false,"compat_metadata":false,"compat_foreach":false,"compat_arrayleft":false,"compat_uW_gmonkey":false,"compat_forvarin":false,"noframes":null,"awareOfChrome":false,"run_at":null,"override":{"use_includes":[],"orig_includes":["http://www.baidu.com/*","https://www.baidu.com/*"],"merge_includes":true,"use_matches":[],"orig_matches":[],"merge_matches":true,"use_excludes":[],"orig_excludes":[],"merge_excludes":true,"use_connects":[],"merge_connects":true,"use_blockers":[],"orig_run_at":"document-end","orig_noframes":null}},"settings":{"enabled":false,"position":14},"meta":{"name":"再见了百家号搜索结果","uuid":"0e38f1eb-2145-4ade-9cb3-732b79240073","modified":1574751666201,"file_url":"https://greasyfork.org/scripts/41037-%E5%86%8D%E8%A7%81%E4%BA%86%E7%99%BE%E5%AE%B6%E5%8F%B7%E6%90%9C%E7%B4%A2%E7%BB%93%E6%9E%9C/code/%E5%86%8D%E8%A7%81%E4%BA%86%E7%99%BE%E5%AE%B6%E5%8F%B7%E6%90%9C%E7%B4%A2%E7%BB%93%E6%9E%9C.user.js"}}