{"options":{"check_for_updates":true,"comment":null,"compatopts_for_requires":true,"compat_wrappedjsobject":false,"compat_metadata":false,"compat_foreach":false,"compat_arrayleft":false,"compat_uW_gmonkey":false,"compat_forvarin":false,"noframes":null,"awareOfChrome":false,"run_at":null,"override":{"use_includes":[],"orig_includes":["*://www.baidu.com/*","*://www.sogou.com/*","*://www.so.com/*","*://www.google.*/*","*://*.bing.com/*"],"merge_includes":true,"use_matches":[],"orig_matches":[],"merge_matches":true,"use_excludes":["/(^[^:\\/#\\?]*:\\/\\/([^#\\?\\/]*\\.)?www\\.baidu\\.com(:[0-9]{1,5})?\\/.*$)/","/(^[^:\\/#\\?]*:\\/\\/([^#\\?\\/]*\\.)?www\\.bing\\.com(:[0-9]{1,5})?\\/.*$)/"],"orig_excludes":[],"merge_excludes":true,"use_connects":[],"merge_connects":true,"use_blockers":[],"orig_run_at":"document-start","orig_noframes":null,"orig_connects":[]}},"settings":{"enabled":false,"position":13},"meta":{"name":"双栏显示搜索结果","uuid":"3de53579-d4d0-40bb-9396-a015894be0ac","modified":1574751692730,"file_url":"https://greasyfork.org/scripts/27825-%E5%8F%8C%E6%A0%8F%E6%98%BE%E7%A4%BA%E6%90%9C%E7%B4%A2%E7%BB%93%E6%9E%9C/code/%E5%8F%8C%E6%A0%8F%E6%98%BE%E7%A4%BA%E6%90%9C%E7%B4%A2%E7%BB%93%E6%9E%9C.user.js"}}