{"options":{"check_for_updates":true,"comment":null,"compatopts_for_requires":true,"compat_wrappedjsobject":false,"compat_metadata":false,"compat_foreach":false,"compat_arrayleft":false,"compat_uW_gmonkey":false,"compat_forvarin":false,"noframes":null,"awareOfChrome":false,"run_at":null,"override":{"use_includes":[],"orig_includes":["https://*.qq.com/*","https://www.weiyun.com/video_*","https://www.youku.com/","https://v.youku.com/v_show/id_*","https://vku.youku.com/live/*","https://video.tudou.com/v/*","https://www.iqiyi.com/*","https://www.bilibili.com/*","https://www.ixigua.com/*","https://www.acfun.cn/*","*://v.pptv.com/show/*","https://tv.sohu.com/*","https://film.sohu.com/album/*","https://www.mgtv.com/*","*://www.fun.tv/vplay/*","*://m.fun.tv/*","*://*.163.com/*","*://*.icourse163.org/*","*://*.sina.com.cn/*","*://video.sina.cn/*","https://k.sina.cn/*","*://weibo.com/*","*://*.weibo.com/*","https://pan.baidu.com/*","https://yun.baidu.com/*","*://v.yinyuetai.com/video/*","*://v.yinyuetai.com/playlist/h5/*","*://v.ifeng.com/*","*://*.mtime.com/*","https://www.youtube.com/watch?v=*","https://www.ted.com/talks/*","*://www.yy.com/*","*://v.huya.com/play/*","https://www.huya.com/*","https://v.douyu.com/*","https://www.douyu.com/*","*://star.longzhu.com/*","https://www.zhanqi.tv/*","https://www.yunbtv.com/vodplay/*","*://www.dililitv.com/*","*://www.dynamicpuer.com/tv-play-*","https://www.i6v.cc/*/play/*"],"merge_includes":true,"use_matches":[],"orig_matches":[],"merge_matches":true,"use_excludes":[],"orig_excludes":["https://user.qzone.qq.com/*"],"merge_excludes":true,"use_connects":[],"merge_connects":true,"use_blockers":[],"orig_run_at":"document-start","orig_noframes":true,"orig_connects":[]}},"settings":{"enabled":false,"position":4},"meta":{"name":"视频网HTML5播放小工具","uuid":"4135410d-5e42-4172-b95a-5f0f4eae8c6d","modified":1580655941917,"file_url":"https://greasyfork.org/scripts/30545-%E8%A7%86%E9%A2%91%E7%AB%99%E5%90%AF%E7%94%A8html5%E6%92%AD%E6%94%BE%E5%99%A8/code/%E8%A7%86%E9%A2%91%E7%AB%99%E5%90%AF%E7%94%A8html5%E6%92%AD%E6%94%BE%E5%99%A8.user.js"}}