{"options":{"check_for_updates":true,"comment":null,"compatopts_for_requires":true,"compat_wrappedjsobject":false,"compat_metadata":false,"compat_foreach":false,"compat_arrayleft":false,"compat_uW_gmonkey":false,"compat_forvarin":false,"noframes":null,"awareOfChrome":false,"run_at":null,"override":{"use_includes":[],"orig_includes":["*"],"merge_includes":true,"use_matches":[],"orig_matches":["http://*/*"],"merge_matches":true,"use_excludes":["/(^[^:\\/#\\?]*:\\/\\/([^#\\?\\/]*\\.)?www\\.sonimei\\.cn(:[0-9]{1,5})?\\/.*$)/","/(^[^:\\/#\\?]*:\\/\\/([^#\\?\\/]*\\.)?www\\.1717yun\\.com(:[0-9]{1,5})?\\/.*$)/"],"orig_excludes":[],"merge_excludes":true,"use_connects":[],"merge_connects":true,"use_blockers":[],"orig_run_at":"document-start","orig_noframes":null,"orig_connects":[]}},"settings":{"enabled":false,"position":7},"meta":{"name":"计时器掌控者|视频广告跳过|视频广告加速器","uuid":"921c6503-ff93-4a23-958f-a947e15dc326","modified":1575564075133,"file_url":"https://greasyfork.org/scripts/372673-%E8%AE%A1%E6%97%B6%E5%99%A8%E6%8E%8C%E6%8E%A7%E8%80%85-%E8%A7%86%E9%A2%91%E5%B9%BF%E5%91%8A%E8%B7%B3%E8%BF%87-%E5%B9%BF%E5%91%8A%E5%8A%A0%E9%80%9F%E5%99%A8/code/%E8%AE%A1%E6%97%B6%E5%99%A8%E6%8E%8C%E6%8E%A7%E8%80%85%7C%E8%A7%86%E9%A2%91%E5%B9%BF%E5%91%8A%E8%B7%B3%E8%BF%87%7C%E5%B9%BF%E5%91%8A%E5%8A%A0%E9%80%9F%E5%99%A8.user.js"}}